food,degree,betweenness,closeness
oats,3,0,0.07142857142857142
eggs,3,1,0.08333333333333333
spinach,3,0,0.058823529411764705
milk,3,0,0.058823529411764705
